,min,max,median,mean,mode,mode_count,std,skew
headline_cpi,0.0,10.7,2.1,2.5103092783505154,1.5,7.0,2.124827666349403,2.1131179689975226
core_cpi,-4.1,14.3,2.6,2.131958762886598,-0.0,7.0,3.1917715297749285,0.5286288853798013
inf_expectation,1.5,4.9,2.7,2.856701030927835,2.2,11.0,0.723404453564136,0.8098440945203417
gdp_change,-59.7,86.1,2.4,2.207216494845361,2.8,13.0,11.403464819068155,2.6579389404927816
potential_gdp,436612.73779401777,633562.1950633219,532615.7411754578,542937.8216060426,436612.73779401777,1.0,52109.6686350806,-0.12630814089261902
output_gap,-19.841699578833783,3.719658346821031,0.2750550887792976,0.02780225113164722,-19.841699578833783,1.0,2.7462238114353528,-4.205124869932647
unemployment,3.8,8.4,5.2,5.517525773195875,5.2,8.0,1.3383766838100262,0.8303233060175995
